report_id,customer_id,fico_score,cb_person_default_on_file,total_open_credit_lines,revolving_utilization_pct,derogatory_public_records,past_due_30_59_days_count,past_due_60_89_days_count,past_due_90_plus_days_count,report_date
CBR-000001,CUST-000001,695,N,6,36.32,0,0,0,0,2023-04-05
CBR-000002,CUST-000002,700,N,13,51.91,0,0,0,0,2022-11-18
CBR-000003,CUST-000003,607,N,12,34.58,0,0,0,0,2022-05-09
CBR-000004,CUST-000004,612,N,7,32.36,0,0,0,0,2022-12-21
CBR-000005,CUST-000005,621,N,9,12.03,0,0,0,0,2022-11-11
CBR-000006,CUST-000006,588,N,6,18.35,0,2,0,0,2022-05-26
CBR-000007,CUST-000007,520,N,8,16.50,0,0,0,0,2022-06-02
CBR-000008,CUST-000008,664,N,7,68.51,0,0,0,0,2023-02-22
CBR-000009,CUST-000009,639,N,4,30.89,0,0,0,0,2023-03-02
CBR-000010,CUST-000010,647,N,7,31.75,0,0,0,0,2023-01-29
CBR-000011,CUST-000011,599,Y,11,14.58,0,2,0,0,2022-06-09
CBR-000012,CUST-000012,726,N,8,28.37,0,0,0,0,2023-01-17
CBR-000013,CUST-000013,839,N,7,24.90,0,0,0,0,2023-03-07
CBR-000014,CUST-000014,611,Y,10,30.78,3,2,0,0,2023-03-07
CBR-000015,CUST-000015,767,N,8,30.54,0,0,0,0,2022-12-26
CBR-000016,CUST-000016,695,Y,6,44.28,0,0,0,0,2022-08-11
CBR-000017,CUST-000017,672,N,4,24.03,0,0,0,0,2022-08-06
CBR-000018,CUST-000018,645,N,7,16.44,0,0,0,0,2023-04-14
CBR-000019,CUST-000019,664,N,12,14.31,0,0,0,0,2022-06-16
CBR-000020,CUST-000020,750,Y,10,52.66,0,0,0,0,2022-06-08
CBR-000021,CUST-000021,590,N,11,49.62,0,2,1,0,2023-02-06
CBR-000022,CUST-000022,650,N,16,35.77,0,0,0,0,2022-08-31
CBR-000023,CUST-000023,757,N,5,25.98,0,0,0,0,2022-09-27
CBR-000024,CUST-000024,738,N,7,37.89,0,0,0,0,2022-11-23
CBR-000025,CUST-000025,591,Y,11,70.14,0,0,0,0,2022-12-09
CBR-000026,CUST-000026,657,N,10,60.63,0,0,0,0,2022-03-07
CBR-000027,CUST-000027,720,N,8,64.93,0,0,0,0,2023-04-27
CBR-000028,CUST-000028,716,N,11,7.05,0,0,0,0,2022-09-30
CBR-000029,CUST-000029,738,N,9,70.63,0,0,0,0,2023-04-08
CBR-000030,CUST-000030,696,N,6,25.71,0,0,0,0,2022-05-23
CBR-000031,CUST-000031,708,N,9,67.58,0,0,0,0,2022-06-29
CBR-000032,CUST-000032,693,N,7,28.33,0,1,0,0,2022-11-26
CBR-000033,CUST-000033,780,N,9,16.26,0,0,0,0,2022-11-06
CBR-000034,CUST-000034,640,N,6,67.75,0,2,0,0,2022-12-27
CBR-000035,CUST-000035,673,N,8,44.34,0,0,0,0,2023-04-19
CBR-000036,CUST-000036,598,Y,3,63.33,0,0,0,0,2022-08-30
CBR-000037,CUST-000037,585,N,4,31.25,0,1,1,0,2022-09-29
CBR-000038,CUST-000038,692,Y,4,71.56,0,0,0,0,2022-10-08
CBR-000039,CUST-000039,619,N,6,57.04,0,1,0,0,2022-06-15
CBR-000040,CUST-000040,665,N,8,34.65,0,0,0,0,2022-09-16
CBR-000041,CUST-000041,783,N,8,56.96,0,0,0,0,2022-06-15
CBR-000042,CUST-000042,779,N,7,19.49,0,0,0,0,2022-11-28
CBR-000043,CUST-000043,825,N,5,35.38,0,0,0,0,2023-05-10
CBR-000044,CUST-000044,784,N,7,14.55,0,0,0,0,2023-04-17
CBR-000045,CUST-000045,838,N,9,37.62,0,0,0,0,2022-11-04
CBR-000046,CUST-000046,700,N,8,33.14,0,0,0,0,2022-10-11
CBR-000047,CUST-000047,606,Y,6,32.15,0,1,2,0,2022-07-31
CBR-000048,CUST-000048,599,Y,5,11.38,0,2,0,0,2023-03-02
CBR-000049,CUST-000049,767,N,4,1.86,0,0,0,0,2023-02-22
CBR-000050,CUST-000050,673,N,10,38.56,0,0,0,0,2022-12-10
CBR-000051,CUST-000051,678,N,9,7.20,0,0,0,0,2022-10-26
CBR-000052,CUST-000052,631,N,3,47.23,0,0,0,0,2022-11-05
CBR-000053,CUST-000053,639,N,6,32.51,0,3,1,0,2022-06-25
CBR-000054,CUST-000054,696,N,9,43.81,0,0,0,0,2022-08-04
CBR-000055,CUST-000055,596,Y,9,50.19,0,0,0,0,2022-05-26
CBR-000056,CUST-000056,687,N,6,59.71,0,0,0,0,2023-04-23
CBR-000057,CUST-000057,775,N,5,81.76,0,0,0,0,2022-04-26
CBR-000058,CUST-000058,520,Y,6,58.07,0,0,0,0,2022-12-19
CBR-000059,CUST-000059,562,N,11,38.93,1,0,0,0,2022-03-16
CBR-000060,CUST-000060,717,N,5,74.00,0,0,0,0,2022-09-13
CBR-000061,CUST-000061,765,N,9,23.47,0,0,0,0,2022-10-18
CBR-000062,CUST-000062,635,N,7,32.81,0,1,0,0,2023-02-14
CBR-000063,CUST-000063,530,Y,4,58.56,0,0,0,0,2022-08-16
CBR-000064,CUST-000064,770,N,10,18.16,0,0,0,0,2023-04-07
CBR-000065,CUST-000065,613,Y,3,13.06,0,0,0,0,2022-10-28
CBR-000066,CUST-000066,644,N,8,28.85,0,0,0,0,2023-01-19
CBR-000067,CUST-000067,692,N,10,57.23,0,0,0,0,2022-11-07
CBR-000068,CUST-000068,623,N,10,38.78,0,0,0,0,2022-07-13
CBR-000069,CUST-000069,608,Y,14,71.09,0,0,0,0,2022-09-23
CBR-000070,CUST-000070,609,N,8,7.45,0,0,0,0,2022-08-24
CBR-000071,CUST-000071,800,Y,14,11.43,0,0,0,0,2023-02-03
CBR-000072,CUST-000072,751,N,6,53.05,0,0,0,0,2022-10-30
CBR-000073,CUST-000073,710,N,10,65.86,0,0,0,0,2023-02-13
CBR-000074,CUST-000074,520,Y,5,27.39,0,0,0,0,2022-11-05
CBR-000075,CUST-000075,710,N,5,55.23,0,0,0,0,2023-04-09
CBR-000076,CUST-000076,706,N,7,70.88,0,0,0,0,2022-07-06
CBR-000077,CUST-000077,580,Y,6,54.35,0,1,0,0,2022-09-09
CBR-000078,CUST-000078,688,N,12,54.30,0,0,0,0,2023-02-18
CBR-000079,CUST-000079,743,N,4,27.12,0,0,0,0,2023-04-06
CBR-000080,CUST-000080,709,N,8,28.91,0,0,0,0,2023-01-06
CBR-000081,CUST-000081,622,N,9,39.18,2,1,0,0,2022-04-15
CBR-000082,CUST-000082,670,N,12,66.13,0,0,0,0,2022-06-29
CBR-000083,CUST-000083,721,N,11,22.78,0,0,0,0,2022-09-23
CBR-000084,CUST-000084,674,N,4,9.87,0,0,0,0,2022-04-12
CBR-000085,CUST-000085,757,N,8,48.71,0,0,0,0,2022-03-31
CBR-000086,CUST-000086,697,N,8,75.30,0,0,0,0,2022-09-29
CBR-000087,CUST-000087,722,N,5,45.83,0,0,0,0,2023-04-10
CBR-000088,CUST-000088,727,N,5,37.65,0,0,0,0,2022-07-20
CBR-000089,CUST-000089,595,Y,2,8.20,1,0,0,0,2022-06-13
CBR-000090,CUST-000090,673,N,9,34.96,0,0,0,0,2022-03-07
CBR-000091,CUST-000091,646,N,8,60.16,0,0,0,0,2022-06-30
CBR-000092,CUST-000092,743,N,5,24.44,0,0,0,0,2022-12-30
CBR-000093,CUST-000093,702,N,5,77.50,0,0,0,0,2023-05-15
CBR-000094,CUST-000094,656,N,13,33.51,0,0,0,0,2022-10-08
CBR-000095,CUST-000095,580,Y,6,26.08,0,0,0,0,2023-03-31
CBR-000096,CUST-000096,558,Y,11,16.20,1,0,0,0,2023-01-24
CBR-000097,CUST-000097,691,N,3,35.34,0,0,0,0,2022-03-25
CBR-000098,CUST-000098,619,Y,11,49.98,0,0,0,0,2023-01-14
CBR-000099,CUST-000099,716,N,8,23.18,0,0,0,0,2022-12-26
CBR-000100,CUST-000100,554,N,8,10.22,0,0,0,0,2022-12-13
CBR-000101,CUST-000101,781,N,11,32.34,0,1,0,0,2022-10-17
CBR-000102,CUST-000102,716,N,12,25.14,0,0,0,0,2022-06-22
CBR-000103,CUST-000103,676,N,11,52.82,0,0,0,0,2022-05-20
CBR-000104,CUST-000104,787,N,7,40.10,0,0,0,0,2022-11-10
CBR-000105,CUST-000105,736,N,7,19.73,0,0,0,0,2022-11-20
CBR-000106,CUST-000106,636,N,13,16.69,0,0,0,0,2022-04-25
CBR-000107,CUST-000107,675,N,6,7.10,0,0,0,0,2022-04-26
CBR-000108,CUST-000108,532,N,8,42.59,0,0,0,0,2022-11-17
CBR-000109,CUST-000109,744,N,12,70.31,0,0,0,0,2023-01-03
CBR-000110,CUST-000110,649,N,11,38.49,0,0,0,0,2022-06-03
CBR-000111,CUST-000111,531,N,9,14.47,2,0,0,0,2022-11-19
CBR-000112,CUST-000112,587,Y,7,6.52,0,1,1,0,2023-01-29
CBR-000113,CUST-000113,730,N,11,23.61,0,0,0,0,2023-02-19
CBR-000114,CUST-000114,782,Y,11,68.32,0,0,0,0,2023-02-24
CBR-000115,CUST-000115,671,N,8,25.15,0,0,0,0,2022-12-29
CBR-000116,CUST-000116,601,Y,4,18.41,0,1,0,0,2022-09-26
CBR-000117,CUST-000117,570,N,11,71.78,0,0,0,0,2023-02-24
CBR-000118,CUST-000118,769,N,7,30.54,0,0,0,0,2022-07-22
CBR-000119,CUST-000119,701,N,5,46.93,0,0,0,0,2022-08-31
CBR-000120,CUST-000120,646,N,9,56.05,0,0,0,0,2022-10-22
CBR-000121,CUST-000121,630,N,13,33.25,2,1,1,0,2022-05-29
CBR-000122,CUST-000122,717,N,5,51.99,0,0,0,0,2023-03-30
CBR-000123,CUST-000123,715,N,7,30.52,0,0,0,0,2022-10-24
CBR-000124,CUST-000124,607,Y,6,37.05,0,1,1,0,2022-06-13
CBR-000125,CUST-000125,590,Y,9,27.49,0,1,0,0,2022-05-30
CBR-000126,CUST-000126,593,Y,8,12.69,0,2,0,0,2023-01-21
CBR-000127,CUST-000127,637,N,8,50.89,0,0,0,0,2022-05-31
CBR-000128,CUST-000128,621,N,7,62.66,0,2,0,0,2022-11-05
CBR-000129,CUST-000129,783,Y,6,57.61,0,0,0,0,2022-12-20
CBR-000130,CUST-000130,634,N,5,66.84,0,1,0,0,2023-01-01
CBR-000131,CUST-000131,582,N,8,18.69,0,0,0,0,2022-12-24
CBR-000132,CUST-000132,586,Y,11,57.45,0,0,0,0,2022-03-08
CBR-000133,CUST-000133,657,N,8,52.30,0,0,0,0,2022-10-16
CBR-000134,CUST-000134,542,Y,7,18.92,0,0,0,0,2022-08-22
CBR-000135,CUST-000135,665,N,7,56.02,0,0,0,0,2022-11-16
CBR-000136,CUST-000136,576,N,11,15.97,0,0,0,0,2023-03-30
CBR-000137,CUST-000137,751,N,5,13.73,0,0,0,0,2022-11-14
CBR-000138,CUST-000138,678,N,4,21.70,0,0,0,0,2022-10-03
CBR-000139,CUST-000139,818,N,10,21.02,0,0,0,0,2022-04-27
CBR-000140,CUST-000140,654,N,16,40.08,0,0,0,0,2022-12-13
CBR-000141,CUST-000141,520,Y,11,56.93,0,1,0,0,2022-11-16
CBR-000142,CUST-000142,772,N,8,33.77,0,0,0,0,2022-07-02
CBR-000143,CUST-000143,705,N,4,70.57,0,0,0,0,2022-12-21
CBR-000144,CUST-000144,715,N,7,5.38,0,0,0,0,2023-02-26
CBR-000145,CUST-000145,599,Y,12,55.67,0,1,0,0,2022-10-01
CBR-000146,CUST-000146,667,N,8,37.71,0,0,0,0,2022-11-17
CBR-000147,CUST-000147,683,N,9,38.21,0,0,0,0,2022-05-03
CBR-000148,CUST-000148,653,N,13,31.03,0,0,0,0,2022-06-20
CBR-000149,CUST-000149,548,N,12,19.05,1,2,0,0,2022-11-21
CBR-000150,CUST-000150,850,N,4,16.92,0,0,0,0,2023-03-09
CBR-000151,CUST-000151,728,N,2,16.87,0,0,0,0,2022-04-19
CBR-000152,CUST-000152,699,N,10,49.13,0,0,0,0,2022-11-19
CBR-000153,CUST-000153,761,N,10,26.20,0,0,0,0,2023-04-03
CBR-000154,CUST-000154,715,N,6,30.02,0,0,0,0,2022-07-15
CBR-000155,CUST-000155,622,N,13,30.41,1,0,0,0,2023-04-04
CBR-000156,CUST-000156,757,N,4,67.56,0,0,0,0,2022-04-29
CBR-000157,CUST-000157,729,N,10,2.83,0,0,0,0,2022-12-13
CBR-000158,CUST-000158,625,N,6,49.54,0,0,0,0,2022-10-26
CBR-000159,CUST-000159,725,N,7,11.58,0,0,0,0,2023-01-10
CBR-000160,CUST-000160,653,N,6,35.72,0,0,0,0,2023-01-09
CBR-000161,CUST-000161,684,N,7,22.26,0,0,0,0,2023-03-14
CBR-000162,CUST-000162,711,N,10,63.88,0,0,0,0,2022-09-05
CBR-000163,CUST-000163,765,Y,11,7.98,0,0,0,0,2023-02-14
CBR-000164,CUST-000164,624,N,7,21.68,0,0,0,0,2022-05-30
CBR-000165,CUST-000165,695,N,9,58.86,0,0,0,0,2022-07-08
CBR-000166,CUST-000166,811,N,13,40.13,0,0,0,0,2023-03-07
CBR-000167,CUST-000167,657,N,8,53.28,0,0,0,0,2023-01-25
CBR-000168,CUST-000168,683,N,5,54.83,0,0,0,0,2023-01-28
CBR-000169,CUST-000169,810,N,7,31.77,0,0,0,0,2022-11-26
CBR-000170,CUST-000170,714,N,5,48.44,0,0,0,0,2023-01-07
CBR-000171,CUST-000171,566,N,6,44.29,0,0,0,0,2022-08-14
CBR-000172,CUST-000172,614,N,7,55.38,0,0,0,0,2022-05-22
CBR-000173,CUST-000173,718,N,9,30.06,0,0,0,0,2022-05-15
CBR-000174,CUST-000174,699,Y,7,12.37,0,0,0,0,2022-06-17
CBR-000175,CUST-000175,681,N,11,38.38,0,0,0,0,2022-09-10
CBR-000176,CUST-000176,821,N,7,77.16,0,0,0,0,2022-07-04
CBR-000177,CUST-000177,626,Y,10,46.40,0,0,0,0,2022-06-16
CBR-000178,CUST-000178,664,N,11,46.83,0,0,0,0,2022-09-04
CBR-000179,CUST-000179,532,Y,7,54.60,0,1,0,0,2023-02-18
CBR-000180,CUST-000180,751,N,8,42.05,0,0,0,0,2022-08-07
CBR-000181,CUST-000181,614,N,8,34.25,3,1,0,0,2022-07-22
CBR-000182,CUST-000182,743,N,5,57.35,0,0,0,0,2023-03-24
CBR-000183,CUST-000183,736,N,4,43.35,0,0,0,0,2022-10-06
CBR-000184,CUST-000184,834,Y,10,0.57,0,0,0,0,2022-09-10
CBR-000185,CUST-000185,715,N,7,59.92,0,0,0,0,2023-04-20
CBR-000186,CUST-000186,645,N,4,61.64,0,2,1,0,2022-10-19
CBR-000187,CUST-000187,701,N,8,18.69,0,0,0,0,2023-04-03
CBR-000188,CUST-000188,616,Y,6,30.66,0,0,0,0,2022-06-17
CBR-000189,CUST-000189,692,N,7,74.87,0,0,0,0,2022-05-16
CBR-000190,CUST-000190,655,N,8,66.91,0,0,0,0,2023-05-13
CBR-000191,CUST-000191,665,N,9,40.16,0,0,0,0,2022-12-29
CBR-000192,CUST-000192,607,N,4,33.01,0,0,0,0,2022-08-23
CBR-000193,CUST-000193,691,N,7,73.09,0,0,0,0,2022-07-24
CBR-000194,CUST-000194,727,Y,11,53.93,0,1,0,0,2022-08-30
CBR-000195,CUST-000195,554,N,10,36.16,0,0,0,0,2022-11-28
CBR-000196,CUST-000196,621,N,12,55.31,0,0,0,0,2022-12-19
CBR-000197,CUST-000197,681,N,6,53.88,0,0,0,0,2022-03-30
CBR-000198,CUST-000198,520,Y,9,58.42,1,0,0,0,2022-09-07
CBR-000199,CUST-000199,791,N,3,58.59,0,0,0,0,2022-11-21
CBR-000200,CUST-000200,620,N,8,43.44,0,0,0,0,2022-12-18
CBR-000201,CUST-000201,604,N,6,30.35,0,0,0,0,2023-06-06
CBR-000202,CUST-000202,655,N,4,37.71,0,1,0,0,2023-01-30
CBR-000203,CUST-000203,679,N,3,59.22,0,1,0,0,2022-10-20
CBR-000204,CUST-000204,617,N,9,36.82,0,0,0,0,2022-08-28
CBR-000205,CUST-000205,738,N,9,43.22,0,0,0,0,2022-07-27
CBR-000206,CUST-000206,697,N,9,73.11,0,0,0,0,2022-12-24
CBR-000207,CUST-000207,611,N,9,47.75,1,0,0,0,2022-11-30
CBR-000208,CUST-000208,633,N,6,21.33,0,1,0,0,2022-07-11
CBR-000209,CUST-000209,563,N,9,52.59,0,1,0,0,2022-08-29
CBR-000210,CUST-000210,582,Y,4,15.73,0,0,0,0,2022-02-26
CBR-000211,CUST-000211,697,N,8,61.97,0,0,0,0,2023-01-07
CBR-000212,CUST-000212,612,Y,6,82.09,0,2,0,0,2022-04-15
CBR-000213,CUST-000213,796,N,9,13.81,0,0,0,0,2022-07-17
CBR-000214,CUST-000214,674,N,10,76.67,0,0,0,0,2022-11-03
CBR-000215,CUST-000215,575,N,6,26.56,0,0,0,0,2022-11-20
CBR-000216,CUST-000216,589,Y,9,39.01,0,1,0,0,2022-12-14
CBR-000217,CUST-000217,743,Y,8,33.42,0,0,0,0,2022-10-21
CBR-000218,CUST-000218,664,N,8,52.35,0,0,0,0,2022-10-03
CBR-000219,CUST-000219,739,N,8,15.32,0,0,0,0,2022-04-13
CBR-000220,CUST-000220,644,N,6,43.91,0,3,0,0,2023-01-21
CBR-000221,CUST-000221,630,N,8,73.33,2,1,0,0,2023-01-12
CBR-000222,CUST-000222,748,N,9,28.44,0,0,0,0,2022-04-28
CBR-000223,CUST-000223,609,Y,8,26.46,0,0,0,0,2022-09-27
CBR-000224,CUST-000224,704,N,14,35.55,0,0,0,0,2022-06-14
CBR-000225,CUST-000225,655,N,8,38.63,0,0,0,0,2022-06-30
CBR-000226,CUST-000226,731,Y,10,84.94,0,0,0,0,2022-06-28
CBR-000227,CUST-000227,797,Y,11,74.86,0,0,0,0,2023-06-01
CBR-000228,CUST-000228,642,N,8,39.69,0,0,0,0,2023-02-07
CBR-000229,CUST-000229,631,N,5,45.73,0,1,0,0,2022-12-17
CBR-000230,CUST-000230,716,N,7,14.73,0,0,0,0,2023-04-22
CBR-000231,CUST-000231,594,Y,6,54.73,0,0,0,0,2022-05-11
CBR-000232,CUST-000232,783,N,9,31.88,0,0,0,0,2022-07-17
CBR-000233,CUST-000233,771,N,12,75.81,0,0,0,0,2023-01-19
CBR-000234,CUST-000234,600,Y,5,18.59,0,2,0,0,2022-04-04
CBR-000235,CUST-000235,559,Y,11,66.74,0,0,0,0,2022-12-27
CBR-000236,CUST-000236,588,N,7,34.11,0,1,0,0,2023-01-08
CBR-000237,CUST-000237,589,N,12,61.82,0,0,0,0,2022-07-18
CBR-000238,CUST-000238,726,N,7,19.36,0,0,0,0,2022-09-17
CBR-000239,CUST-000239,778,N,12,46.12,0,0,0,0,2022-06-25
CBR-000240,CUST-000240,725,N,11,12.19,0,0,0,0,2022-10-02
CBR-000241,CUST-000241,653,N,5,23.03,0,1,1,0,2023-03-26
CBR-000242,CUST-000242,693,N,5,58.75,0,0,0,0,2023-03-04
CBR-000243,CUST-000243,609,Y,5,13.80,0,0,0,0,2023-04-25
CBR-000244,CUST-000244,746,N,4,49.74,0,0,0,0,2022-08-14
CBR-000245,CUST-000245,700,N,7,72.73,0,0,0,0,2022-11-09
CBR-000246,CUST-000246,724,N,11,72.25,0,0,0,0,2022-07-14
CBR-000247,CUST-000247,619,Y,7,18.98,0,0,0,0,2022-09-15
CBR-000248,CUST-000248,658,N,6,18.12,0,0,0,0,2022-07-17
CBR-000249,CUST-000249,720,N,9,37.43,0,0,0,0,2023-02-21
CBR-000250,CUST-000250,771,N,5,61.17,0,0,0,0,2023-03-26
CBR-000251,CUST-000251,627,N,9,25.49,0,0,0,0,2023-01-30
CBR-000252,CUST-000252,724,N,8,64.07,0,0,0,0,2023-01-03
CBR-000253,CUST-000253,620,Y,4,48.43,0,0,0,0,2023-04-22
CBR-000254,CUST-000254,818,N,6,53.93,0,1,1,0,2023-02-26
CBR-000255,CUST-000255,640,N,12,57.13,0,0,0,0,2022-10-01
CBR-000256,CUST-000256,715,N,10,35.89,0,0,0,0,2023-01-17
CBR-000257,CUST-000257,681,N,11,63.75,0,0,0,0,2023-05-18
CBR-000258,CUST-000258,850,N,5,29.30,0,0,0,0,2023-02-16
CBR-000259,CUST-000259,686,N,5,80.08,0,0,0,0,2022-11-30
CBR-000260,CUST-000260,633,Y,7,17.11,0,0,0,0,2022-04-19
CBR-000261,CUST-000261,714,N,5,63.04,0,0,0,0,2022-11-16
CBR-000262,CUST-000262,713,N,7,42.40,0,0,0,0,2022-10-09
CBR-000263,CUST-000263,658,N,8,59.67,0,0,0,0,2023-01-24
CBR-000264,CUST-000264,593,Y,7,36.70,0,1,0,0,2022-05-10
CBR-000265,CUST-000265,633,Y,9,18.01,0,0,0,0,2023-03-13
CBR-000266,CUST-000266,731,N,11,35.11,0,0,0,0,2023-02-21
CBR-000267,CUST-000267,547,N,7,42.43,1,0,0,0,2022-05-09
CBR-000268,CUST-000268,652,N,5,44.53,0,0,0,0,2023-05-14
CBR-000269,CUST-000269,739,N,8,72.04,0,0,0,0,2023-01-18
CBR-000270,CUST-000270,663,N,5,28.62,0,0,0,0,2023-05-11
CBR-000271,CUST-000271,822,N,7,19.65,0,0,0,0,2022-10-11
CBR-000272,CUST-000272,547,Y,6,18.11,0,0,0,0,2022-10-14
CBR-000273,CUST-000273,602,Y,11,21.79,1,0,0,0,2022-11-09
CBR-000274,CUST-000274,520,N,9,55.41,0,2,0,0,2023-01-18
CBR-000275,CUST-000275,809,N,11,60.47,0,0,0,0,2022-08-21
CBR-000276,CUST-000276,603,N,6,51.26,0,0,0,0,2022-07-30
CBR-000277,CUST-000277,530,N,6,38.41,0,0,0,0,2022-07-03
CBR-000278,CUST-000278,627,N,7,79.57,0,0,0,0,2022-04-21
CBR-000279,CUST-000279,572,Y,8,28.14,0,0,0,0,2022-12-19
CBR-000280,CUST-000280,627,N,8,28.18,0,0,0,0,2022-12-07
CBR-000281,CUST-000281,672,N,7,67.58,0,0,0,0,2022-09-07
CBR-000282,CUST-000282,726,N,6,37.47,0,0,0,0,2023-01-08
CBR-000283,CUST-000283,657,N,5,49.81,0,0,0,0,2023-03-16
CBR-000284,CUST-000284,671,N,9,25.73,0,0,0,0,2022-07-08
CBR-000285,CUST-000285,629,N,10,66.31,0,0,0,0,2022-07-02
CBR-000286,CUST-000286,564,N,9,21.05,0,1,0,0,2022-07-14
CBR-000287,CUST-000287,540,N,6,60.47,0,0,0,0,2022-11-09
CBR-000288,CUST-000288,644,N,5,64.86,0,2,1,1,2023-03-19
CBR-000289,CUST-000289,675,N,6,27.13,0,0,0,0,2022-08-30
CBR-000290,CUST-000290,639,N,8,53.51,0,0,0,0,2022-10-25
CBR-000291,CUST-000291,543,N,5,37.25,0,1,0,0,2022-12-18
CBR-000292,CUST-000292,684,N,11,45.93,0,0,0,0,2023-05-06
CBR-000293,CUST-000293,784,Y,10,38.62,0,0,0,0,2023-02-03
CBR-000294,CUST-000294,661,N,9,30.84,0,0,0,0,2023-02-26
CBR-000295,CUST-000295,629,Y,10,48.10,0,0,0,0,2022-08-29
CBR-000296,CUST-000296,665,N,10,33.98,0,0,0,0,2022-05-18
CBR-000297,CUST-000297,592,Y,7,42.16,0,0,0,0,2022-09-27
CBR-000298,CUST-000298,588,Y,12,73.57,0,0,0,0,2023-01-26
CBR-000299,CUST-000299,701,N,8,55.41,0,0,0,0,2023-04-17
CBR-000300,CUST-000300,739,N,10,48.46,0,0,0,0,2023-01-30
CBR-000301,CUST-000301,659,N,9,37.53,0,0,0,0,2022-07-02
CBR-000302,CUST-000302,531,N,7,39.98,0,0,0,0,2022-11-02
CBR-000303,CUST-000303,694,N,10,22.17,0,1,0,0,2022-08-15
CBR-000304,CUST-000304,814,N,10,65.97,0,0,0,0,2022-12-11
CBR-000305,CUST-000305,652,N,5,6.80,0,0,0,0,2023-06-17
CBR-000306,CUST-000306,657,N,12,12.66,0,0,0,0,2022-04-05
CBR-000307,CUST-000307,608,Y,6,52.41,0,0,0,0,2022-10-26
CBR-000308,CUST-000308,703,N,8,16.16,0,0,0,0,2022-10-11
CBR-000309,CUST-000309,623,N,5,36.43,0,0,0,0,2023-04-05
CBR-000310,CUST-000310,741,N,5,50.11,0,0,0,0,2022-05-26
CBR-000311,CUST-000311,623,N,10,63.87,1,2,0,0,2022-05-16
CBR-000312,CUST-000312,693,N,5,18.46,0,0,0,0,2023-02-06
CBR-000313,CUST-000313,666,N,9,30.39,0,0,0,0,2022-09-23
CBR-000314,CUST-000314,778,N,6,29.83,0,0,0,0,2022-09-27
CBR-000315,CUST-000315,698,N,6,27.72,0,0,0,0,2023-04-16
CBR-000316,CUST-000316,767,N,11,20.58,0,0,0,0,2023-03-15
CBR-000317,CUST-000317,677,N,7,34.16,0,0,0,0,2022-11-16
CBR-000318,CUST-000318,658,Y,11,27.84,0,0,0,0,2023-02-11
CBR-000319,CUST-000319,667,Y,8,46.50,0,0,0,0,2022-06-10
CBR-000320,CUST-000320,616,Y,10,33.56,0,0,0,0,2023-01-06
CBR-000321,CUST-000321,707,N,7,23.29,0,0,0,0,2023-04-11
CBR-000322,CUST-000322,621,N,7,22.61,0,3,0,0,2023-01-07
CBR-000323,CUST-000323,677,N,10,43.67,0,0,0,0,2023-02-07
CBR-000324,CUST-000324,729,N,9,22.76,0,1,0,0,2022-12-30
CBR-000325,CUST-000325,780,N,5,1.42,0,0,0,0,2023-03-10
CBR-000326,CUST-000326,681,N,9,19.40,0,0,0,0,2023-02-07
CBR-000327,CUST-000327,730,N,7,61.20,0,0,0,0,2022-06-15
CBR-000328,CUST-000328,721,N,9,29.21,0,0,0,0,2022-06-06
CBR-000329,CUST-000329,643,N,6,35.71,0,0,0,0,2023-01-04
CBR-000330,CUST-000330,817,N,8,43.58,0,0,0,0,2022-06-01
CBR-000331,CUST-000331,629,N,5,27.87,0,0,0,0,2022-09-24
CBR-000332,CUST-000332,676,N,8,5.04,0,0,0,0,2022-07-05
CBR-000333,CUST-000333,771,N,4,60.68,0,0,0,0,2023-02-23
CBR-000334,CUST-000334,770,N,10,34.29,0,0,0,0,2022-09-08
CBR-000335,CUST-000335,671,N,10,33.45,0,0,0,0,2022-12-09
CBR-000336,CUST-000336,739,N,6,18.30,0,0,0,0,2022-11-11
CBR-000337,CUST-000337,654,Y,9,58.72,0,0,0,0,2022-06-02
CBR-000338,CUST-000338,635,N,13,25.46,0,0,0,0,2022-08-23
CBR-000339,CUST-000339,585,N,5,39.92,0,0,0,0,2023-02-16
CBR-000340,CUST-000340,720,N,10,25.92,0,0,0,0,2022-03-11
CBR-000341,CUST-000341,728,N,12,17.79,0,0,0,0,2022-06-22
CBR-000342,CUST-000342,630,N,11,13.49,0,0,0,0,2022-12-31
CBR-000343,CUST-000343,688,Y,8,40.74,0,0,0,0,2023-03-09
CBR-000344,CUST-000344,850,N,8,48.23,0,0,0,0,2022-05-05
CBR-000345,CUST-000345,750,N,12,18.38,0,0,0,0,2022-05-29
CBR-000346,CUST-000346,606,N,7,74.50,0,0,0,0,2022-05-01
CBR-000347,CUST-000347,740,N,17,32.78,0,0,0,0,2022-11-23
CBR-000348,CUST-000348,607,Y,10,58.87,0,1,0,0,2023-01-05
CBR-000349,CUST-000349,520,Y,6,55.96,0,0,0,0,2022-10-28
CBR-000350,CUST-000350,668,N,4,34.94,0,1,0,0,2023-01-01
CBR-000351,CUST-000351,779,N,11,36.39,0,0,0,0,2022-11-13
CBR-000352,CUST-000352,767,N,10,47.17,0,0,0,0,2022-12-23
CBR-000353,CUST-000353,696,N,10,57.30,0,0,0,0,2022-09-04
CBR-000354,CUST-000354,632,N,4,67.63,0,2,0,0,2022-11-26
CBR-000355,CUST-000355,704,Y,8,53.83,0,0,0,0,2023-02-10
CBR-000356,CUST-000356,651,N,15,47.52,0,0,0,0,2023-02-03
CBR-000357,CUST-000357,634,N,6,44.14,0,0,0,0,2023-03-24
CBR-000358,CUST-000358,744,N,4,51.33,0,0,0,0,2022-03-08
CBR-000359,CUST-000359,633,N,7,28.48,0,0,0,0,2022-11-26
CBR-000360,CUST-000360,748,N,4,23.35,0,0,0,0,2023-02-20
CBR-000361,CUST-000361,628,N,12,40.43,0,0,0,0,2022-06-09
CBR-000362,CUST-000362,814,N,6,13.43,0,0,0,0,2022-11-14
CBR-000363,CUST-000363,555,N,8,29.64,0,0,0,0,2022-10-10
CBR-000364,CUST-000364,603,N,6,64.75,0,3,0,0,2023-04-27
CBR-000365,CUST-000365,659,Y,9,47.03,0,0,0,0,2022-12-09
CBR-000366,CUST-000366,531,N,6,26.41,0,0,0,0,2022-06-23
CBR-000367,CUST-000367,520,Y,10,29.11,0,0,0,0,2022-10-27
CBR-000368,CUST-000368,531,N,8,29.95,0,1,0,0,2022-12-15
CBR-000369,CUST-000369,649,N,7,21.61,2,2,0,0,2022-10-22
CBR-000370,CUST-000370,651,N,9,55.66,0,0,0,0,2023-02-02
CBR-000371,CUST-000371,693,N,11,19.01,0,0,0,0,2022-11-15
CBR-000372,CUST-000372,656,N,4,61.86,0,0,0,0,2022-12-16
CBR-000373,CUST-000373,690,N,5,91.13,0,0,0,0,2023-05-11
CBR-000374,CUST-000374,638,N,7,82.51,0,0,0,0,2023-02-08
CBR-000375,CUST-000375,720,N,9,62.08,0,0,0,0,2022-10-30
CBR-000376,CUST-000376,711,Y,7,27.20,0,0,0,0,2022-11-05
CBR-000377,CUST-000377,647,Y,11,11.45,0,0,0,0,2023-02-06
CBR-000378,CUST-000378,707,N,4,21.22,0,0,0,0,2022-12-21
CBR-000379,CUST-000379,656,N,13,50.22,0,1,0,0,2022-10-04
CBR-000380,CUST-000380,563,N,10,11.91,0,0,0,0,2023-06-18
CBR-000381,CUST-000381,733,N,8,54.40,0,0,0,0,2023-01-11
CBR-000382,CUST-000382,606,N,7,54.67,1,1,0,0,2023-03-18
CBR-000383,CUST-000383,732,N,11,88.23,0,0,0,0,2022-08-26
CBR-000384,CUST-000384,692,N,9,86.40,0,0,0,0,2022-05-15
CBR-000385,CUST-000385,664,N,7,22.58,0,0,0,0,2022-12-30
CBR-000386,CUST-000386,538,Y,5,62.47,0,0,0,0,2022-08-17
CBR-000387,CUST-000387,777,N,12,59.94,0,0,0,0,2022-09-09
CBR-000388,CUST-000388,644,N,9,34.27,0,0,0,0,2023-01-29
CBR-000389,CUST-000389,714,N,19,68.51,0,0,0,0,2022-11-20
CBR-000390,CUST-000390,662,N,5,49.12,0,0,0,0,2023-01-09
CBR-000391,CUST-000391,650,N,7,48.63,0,0,0,0,2023-01-04
CBR-000392,CUST-000392,683,N,8,70.95,0,0,0,0,2022-12-03
CBR-000393,CUST-000393,671,N,3,43.85,0,0,0,0,2022-05-29
CBR-000394,CUST-000394,651,Y,7,39.18,0,0,0,0,2022-12-09
CBR-000395,CUST-000395,666,N,7,32.97,0,0,0,0,2022-12-13
CBR-000396,CUST-000396,699,Y,5,55.83,0,0,0,0,2022-12-01
CBR-000397,CUST-000397,704,N,11,40.43,0,0,0,0,2023-02-03
CBR-000398,CUST-000398,673,Y,6,79.66,0,0,0,0,2022-04-26
CBR-000399,CUST-000399,713,N,9,43.29,0,0,0,0,2023-03-29
CBR-000400,CUST-000400,640,N,11,33.91,0,0,0,0,2022-06-12
CBR-000401,CUST-000401,825,N,11,55.86,0,0,0,0,2022-10-18
CBR-000402,CUST-000402,773,N,8,41.12,0,0,0,0,2022-08-28
CBR-000403,CUST-000403,723,N,7,15.45,0,0,0,0,2023-01-24
CBR-000404,CUST-000404,534,N,8,11.88,0,0,0,0,2022-12-17
CBR-000405,CUST-000405,712,Y,6,48.45,0,0,0,0,2023-01-11
CBR-000406,CUST-000406,646,N,6,27.46,0,0,0,0,2022-06-23
CBR-000407,CUST-000407,601,Y,10,47.67,0,2,0,0,2023-01-02
CBR-000408,CUST-000408,644,N,2,23.47,0,0,0,0,2023-03-06
CBR-000409,CUST-000409,609,Y,13,32.37,0,0,0,0,2022-12-30
CBR-000410,CUST-000410,705,N,6,11.91,0,0,0,0,2023-02-07
CBR-000411,CUST-000411,783,N,12,20.78,0,0,0,0,2022-09-11
CBR-000412,CUST-000412,727,N,6,30.06,0,0,0,0,2022-09-05
CBR-000413,CUST-000413,850,N,10,41.10,0,1,0,0,2023-01-04
CBR-000414,CUST-000414,561,Y,3,47.17,0,0,0,0,2022-11-27
CBR-000415,CUST-000415,634,N,8,45.86,0,3,0,0,2022-09-06
CBR-000416,CUST-000416,603,N,6,33.43,0,1,0,0,2022-10-04
CBR-000417,CUST-000417,756,N,3,57.59,0,0,0,0,2022-04-26
CBR-000418,CUST-000418,654,N,15,21.33,0,0,0,0,2023-03-14
CBR-000419,CUST-000419,683,N,3,25.13,0,0,0,0,2022-11-05
CBR-000420,CUST-000420,714,N,7,26.74,0,0,0,0,2022-11-13
CBR-000421,CUST-000421,568,Y,7,47.69,0,0,0,0,2022-06-23
CBR-000422,CUST-000422,626,N,9,85.14,0,0,0,0,2022-12-10
CBR-000423,CUST-000423,739,N,14,23.03,0,0,0,0,2022-06-26
CBR-000424,CUST-000424,631,N,7,44.31,0,1,0,0,2022-06-20
CBR-000425,CUST-000425,550,N,5,9.38,0,0,0,0,2023-03-12
CBR-000426,CUST-000426,606,N,7,45.66,0,3,0,0,2022-11-15
CBR-000427,CUST-000427,649,N,11,19.81,0,0,0,0,2023-02-28
CBR-000428,CUST-000428,681,N,8,75.07,0,0,0,0,2023-02-22
CBR-000429,CUST-000429,665,N,8,27.00,0,0,0,0,2022-06-13
CBR-000430,CUST-000430,627,N,13,71.64,1,0,0,0,2023-03-01
CBR-000431,CUST-000431,735,N,9,34.73,0,0,0,0,2022-05-20
CBR-000432,CUST-000432,660,N,10,63.36,0,0,0,0,2022-09-25
CBR-000433,CUST-000433,684,Y,10,35.31,0,0,0,0,2023-01-21
CBR-000434,CUST-000434,630,Y,11,75.54,0,0,0,0,2022-07-13
CBR-000435,CUST-000435,775,Y,7,68.42,0,0,0,0,2022-12-15
CBR-000436,CUST-000436,642,N,4,49.68,0,2,0,0,2023-03-01
CBR-000437,CUST-000437,675,N,9,17.15,0,0,0,0,2022-12-22
CBR-000438,CUST-000438,742,N,7,22.64,0,0,0,0,2022-05-23
CBR-000439,CUST-000439,689,N,10,45.48,0,0,0,0,2022-12-20
CBR-000440,CUST-000440,687,N,9,66.43,0,0,0,0,2022-07-19
CBR-000441,CUST-000441,531,Y,10,4.53,0,1,0,0,2022-08-30
CBR-000442,CUST-000442,717,N,7,24.60,0,0,0,0,2022-10-28
CBR-000443,CUST-000443,673,N,5,38.73,0,0,0,0,2023-04-12
CBR-000444,CUST-000444,707,N,6,30.55,0,0,0,0,2022-10-12
CBR-000445,CUST-000445,682,N,7,54.95,0,0,0,0,2022-11-21
CBR-000446,CUST-000446,630,N,8,44.90,1,0,0,0,2023-01-27
CBR-000447,CUST-000447,732,Y,9,55.35,0,0,0,0,2022-12-10
CBR-000448,CUST-000448,683,N,9,54.51,0,0,0,0,2022-10-03
CBR-000449,CUST-000449,579,Y,7,25.62,0,3,1,0,2022-08-31
CBR-000450,CUST-000450,761,N,11,59.16,0,0,0,0,2022-08-21
CBR-000451,CUST-000451,569,Y,6,30.12,1,0,0,0,2022-05-06
CBR-000452,CUST-000452,733,N,7,20.70,0,0,0,0,2023-01-27
CBR-000453,CUST-000453,774,N,9,21.46,0,0,0,0,2023-01-28
CBR-000454,CUST-000454,592,N,6,57.16,0,0,0,0,2022-11-27
CBR-000455,CUST-000455,661,N,5,57.16,0,0,0,0,2023-02-15
CBR-000456,CUST-000456,654,N,11,64.05,0,0,0,0,2022-05-06
CBR-000457,CUST-000457,658,N,2,17.13,0,0,0,0,2023-01-07
CBR-000458,CUST-000458,798,N,8,37.13,0,0,0,0,2022-11-21
CBR-000459,CUST-000459,593,Y,13,49.19,0,0,0,0,2022-06-19
CBR-000460,CUST-000460,648,N,7,32.81,0,0,0,0,2022-08-13
CBR-000461,CUST-000461,775,N,10,82.91,0,0,0,0,2022-11-03
CBR-000462,CUST-000462,647,N,4,21.71,0,1,0,0,2022-12-06
CBR-000463,CUST-000463,604,N,7,48.88,0,0,0,0,2022-05-01
CBR-000464,CUST-000464,688,N,8,49.12,0,0,0,0,2022-09-07
CBR-000465,CUST-000465,726,N,9,52.63,0,0,0,0,2022-11-02
CBR-000466,CUST-000466,642,N,7,64.76,0,0,0,0,2022-03-22
CBR-000467,CUST-000467,708,N,8,47.65,0,0,0,0,2022-07-19
CBR-000468,CUST-000468,573,N,8,51.69,0,0,0,0,2022-11-29
CBR-000469,CUST-000469,577,N,9,61.23,1,0,0,0,2022-09-15
CBR-000470,CUST-000470,639,N,11,63.34,0,0,0,0,2023-03-24
CBR-000471,CUST-000471,711,Y,8,28.42,0,0,0,0,2023-02-05
CBR-000472,CUST-000472,723,N,13,83.64,0,0,0,0,2022-08-10
CBR-000473,CUST-000473,587,Y,10,42.99,1,0,0,0,2022-08-13
CBR-000474,CUST-000474,720,N,7,49.14,0,0,0,0,2022-12-15
CBR-000475,CUST-000475,681,N,7,4.11,0,1,0,0,2023-02-27
CBR-000476,CUST-000476,608,Y,8,66.61,0,0,0,0,2022-12-07
CBR-000477,CUST-000477,576,Y,12,52.01,0,0,0,0,2023-04-14
CBR-000478,CUST-000478,686,N,12,58.86,0,1,0,0,2023-01-04
CBR-000479,CUST-000479,760,N,7,27.55,0,1,0,0,2022-12-03
CBR-000480,CUST-000480,672,N,9,37.80,0,0,0,0,2023-04-29
CBR-000481,CUST-000481,604,Y,7,83.99,0,0,0,0,2022-10-02
CBR-000482,CUST-000482,539,Y,4,60.70,0,0,0,0,2023-04-23
CBR-000483,CUST-000483,777,N,8,28.20,0,0,0,0,2022-11-04
CBR-000484,CUST-000484,742,N,9,58.07,0,0,0,0,2023-01-08
CBR-000485,CUST-000485,691,N,7,54.16,0,0,0,0,2022-08-15
CBR-000486,CUST-000486,773,N,7,26.63,0,0,0,0,2022-07-24
CBR-000487,CUST-000487,685,N,8,2.41,0,0,0,0,2022-05-23
CBR-000488,CUST-000488,632,N,8,60.36,0,0,0,0,2023-02-13
CBR-000489,CUST-000489,708,N,12,42.19,0,0,0,0,2023-02-01
CBR-000490,CUST-000490,611,Y,6,10.19,0,0,0,0,2022-08-16
CBR-000491,CUST-000491,600,N,10,11.15,0,0,0,0,2022-06-24
CBR-000492,CUST-000492,724,N,8,53.94,0,1,0,0,2022-11-24
CBR-000493,CUST-000493,729,N,11,53.86,0,0,0,0,2022-06-14
CBR-000494,CUST-000494,580,N,7,35.17,0,0,0,0,2022-06-04
CBR-000495,CUST-000495,583,N,7,15.76,0,1,1,1,2022-07-08
CBR-000496,CUST-000496,638,N,8,49.90,0,3,0,0,2022-07-21
CBR-000497,CUST-000497,620,N,9,34.91,0,1,0,0,2022-11-18
CBR-000498,CUST-000498,703,N,8,25.70,0,0,0,0,2023-04-18
CBR-000499,CUST-000499,673,N,10,59.53,0,0,0,0,2022-08-09
CBR-000500,CUST-000500,751,N,9,41.25,0,0,0,0,2022-12-12
CBR-000501,CUST-000501,692,N,4,59.12,0,0,0,0,2022-05-15
CBR-000502,CUST-000502,624,N,4,81.71,2,2,0,0,2023-01-19
CBR-000503,CUST-000503,537,Y,11,48.90,0,1,0,0,2022-09-27
CBR-000504,CUST-000504,682,N,8,48.16,0,0,0,0,2023-06-14
CBR-000505,CUST-000505,550,N,9,8.06,3,0,0,0,2023-03-05
CBR-000506,CUST-000506,624,Y,11,17.61,0,2,1,0,2023-03-12
CBR-000507,CUST-000507,619,Y,5,49.87,0,1,0,0,2023-05-02
CBR-000508,CUST-000508,634,N,10,33.11,0,0,0,0,2022-08-01
CBR-000509,CUST-000509,577,N,12,59.04,0,0,0,0,2022-10-06
CBR-000510,CUST-000510,619,Y,8,52.24,0,0,0,0,2022-07-03
CBR-000511,CUST-000511,750,N,8,21.25,0,0,0,0,2022-08-11
CBR-000512,CUST-000512,750,N,7,26.32,0,0,0,0,2022-07-22
CBR-000513,CUST-000513,777,N,7,32.42,0,0,0,0,2022-06-17
CBR-000514,CUST-000514,670,N,7,44.09,0,0,0,0,2022-12-12
CBR-000515,CUST-000515,688,N,7,12.61,0,0,0,0,2022-07-22
CBR-000516,CUST-000516,751,N,8,57.97,0,0,0,0,2022-10-15
CBR-000517,CUST-000517,567,Y,10,41.54,0,2,0,0,2022-12-14
CBR-000518,CUST-000518,726,Y,7,33.50,0,0,0,0,2022-07-04
CBR-000519,CUST-000519,761,N,10,38.05,0,0,0,0,2022-12-15
CBR-000520,CUST-000520,607,Y,4,59.49,0,2,0,0,2022-09-04
CBR-000521,CUST-000521,766,N,10,27.46,0,0,0,0,2022-07-01
CBR-000522,CUST-000522,814,N,9,15.14,0,0,0,0,2023-06-14
CBR-000523,CUST-000523,724,N,8,35.19,0,0,0,0,2022-11-17
CBR-000524,CUST-000524,711,N,11,15.00,0,0,0,0,2022-07-02
CBR-000525,CUST-000525,591,Y,8,56.21,2,0,0,0,2023-01-31
CBR-000526,CUST-000526,744,N,6,36.00,0,0,0,0,2022-12-31
CBR-000527,CUST-000527,598,N,9,13.96,0,0,0,0,2023-02-08
CBR-000528,CUST-000528,695,N,9,68.36,0,0,0,0,2022-11-03
CBR-000529,CUST-000529,702,N,9,32.25,0,0,0,0,2023-03-18
CBR-000530,CUST-000530,520,Y,12,55.81,0,0,0,0,2022-09-03
CBR-000531,CUST-000531,698,N,8,57.89,0,0,0,0,2022-07-29
CBR-000532,CUST-000532,850,N,6,20.07,0,0,0,0,2022-04-14
CBR-000533,CUST-000533,523,Y,12,27.18,0,0,0,0,2023-01-12
CBR-000534,CUST-000534,666,N,11,9.12,0,0,0,0,2022-11-11
CBR-000535,CUST-000535,533,Y,12,58.20,0,0,0,0,2023-04-21
CBR-000536,CUST-000536,607,N,12,83.45,0,1,0,0,2022-12-31
CBR-000537,CUST-000537,534,N,10,10.67,0,0,0,0,2022-09-23
CBR-000538,CUST-000538,681,N,8,27.42,0,0,0,0,2022-07-17
CBR-000539,CUST-000539,725,N,9,40.51,0,1,0,0,2023-03-29
CBR-000540,CUST-000540,698,N,6,39.28,0,0,0,0,2023-03-19
CBR-000541,CUST-000541,604,N,4,63.64,0,0,0,0,2022-06-28
CBR-000542,CUST-000542,627,N,8,15.19,0,0,0,0,2022-03-30
CBR-000543,CUST-000543,689,Y,4,8.57,0,0,0,0,2023-05-10
CBR-000544,CUST-000544,607,Y,5,37.86,0,3,0,0,2022-06-05
CBR-000545,CUST-000545,576,Y,10,35.11,1,0,0,0,2022-05-03
CBR-000546,CUST-000546,653,N,7,17.09,0,0,0,0,2022-06-05
CBR-000547,CUST-000547,603,Y,9,48.02,2,0,0,0,2022-10-16
CBR-000548,CUST-000548,698,N,8,53.55,0,0,0,0,2022-08-02
CBR-000549,CUST-000549,760,N,10,56.86,0,0,0,0,2022-07-11
CBR-000550,CUST-000550,850,N,7,69.83,0,0,0,0,2022-06-01
CBR-000551,CUST-000551,693,N,9,30.50,0,0,0,0,2022-07-27
CBR-000552,CUST-000552,715,N,10,38.18,0,0,0,0,2022-05-19
CBR-000553,CUST-000553,628,N,3,40.13,0,1,0,0,2022-12-16
CBR-000554,CUST-000554,632,Y,11,11.33,0,0,0,0,2023-04-17
CBR-000555,CUST-000555,759,N,6,8.79,0,0,0,0,2022-12-15
CBR-000556,CUST-000556,650,N,11,82.80,0,0,0,0,2022-12-21
CBR-000557,CUST-000557,675,N,10,73.49,0,0,0,0,2023-01-31
CBR-000558,CUST-000558,755,N,9,44.71,0,0,0,0,2022-08-26
CBR-000559,CUST-000559,651,N,6,52.72,0,0,0,0,2023-02-21
CBR-000560,CUST-000560,775,N,7,64.51,0,0,0,0,2022-08-11
CBR-000561,CUST-000561,710,N,13,41.34,0,0,0,0,2023-04-06
CBR-000562,CUST-000562,701,N,8,29.03,0,0,0,0,2022-06-05
CBR-000563,CUST-000563,624,N,9,20.31,0,0,0,0,2022-06-04
CBR-000564,CUST-000564,705,N,9,54.98,0,0,0,0,2023-01-17
CBR-000565,CUST-000565,639,N,8,37.24,0,1,0,0,2022-07-07
CBR-000566,CUST-000566,702,N,10,68.84,0,0,0,0,2022-07-11
CBR-000567,CUST-000567,662,N,4,38.57,0,0,0,0,2022-03-03
CBR-000568,CUST-000568,737,N,6,13.51,0,0,0,0,2022-11-13
CBR-000569,CUST-000569,667,N,11,14.80,0,0,0,0,2022-08-30
CBR-000570,CUST-000570,812,N,6,88.23,0,0,0,0,2022-02-28
CBR-000571,CUST-000571,650,N,1,1.53,0,0,0,0,2022-10-14
CBR-000572,CUST-000572,632,N,12,37.64,0,0,0,0,2022-07-28
CBR-000573,CUST-000573,694,N,12,56.52,0,0,0,0,2022-09-06
CBR-000574,CUST-000574,745,N,9,15.16,0,0,0,0,2023-02-24
CBR-000575,CUST-000575,744,N,7,32.55,0,0,0,0,2022-08-16
CBR-000576,CUST-000576,681,N,8,2.23,0,0,0,0,2022-05-14
CBR-000577,CUST-000577,693,N,8,25.18,0,0,0,0,2022-06-20
CBR-000578,CUST-000578,693,N,11,70.22,0,1,0,0,2023-04-24
CBR-000579,CUST-000579,594,N,5,71.32,0,0,0,0,2023-02-09
CBR-000580,CUST-000580,741,N,9,33.96,0,1,0,0,2022-08-11
CBR-000581,CUST-000581,581,N,8,8.33,2,0,0,0,2022-08-17
CBR-000582,CUST-000582,594,N,6,45.27,0,0,0,0,2022-11-17
CBR-000583,CUST-000583,673,N,12,26.34,0,0,0,0,2022-10-01
CBR-000584,CUST-000584,647,N,8,67.19,0,0,0,0,2023-03-18
CBR-000585,CUST-000585,725,N,7,22.24,0,0,0,0,2022-06-28
CBR-000586,CUST-000586,701,N,9,61.37,0,0,0,0,2023-01-15
CBR-000587,CUST-000587,679,N,9,26.68,0,0,0,0,2022-03-11
CBR-000588,CUST-000588,591,N,5,76.68,0,0,0,0,2022-06-07
CBR-000589,CUST-000589,671,N,7,46.00,0,0,0,0,2023-01-16
CBR-000590,CUST-000590,666,N,5,51.08,0,1,0,0,2022-07-16
CBR-000591,CUST-000591,685,N,9,38.75,0,0,0,0,2022-10-29
CBR-000592,CUST-000592,639,N,9,76.04,0,2,0,0,2022-10-28
CBR-000593,CUST-000593,706,N,5,9.54,0,0,0,0,2023-01-31
CBR-000594,CUST-000594,645,N,8,30.65,1,0,0,0,2022-08-22
CBR-000595,CUST-000595,700,N,6,34.21,0,0,0,0,2023-02-13
CBR-000596,CUST-000596,725,N,7,31.52,0,0,0,0,2023-04-19
CBR-000597,CUST-000597,632,N,6,45.01,0,3,0,0,2022-09-05
CBR-000598,CUST-000598,615,Y,6,68.22,0,0,0,0,2022-08-14
CBR-000599,CUST-000599,703,N,9,27.76,0,0,0,0,2023-02-26
CBR-000600,CUST-000600,577,N,5,53.46,0,0,0,0,2022-09-05
CBR-000601,CUST-000601,747,N,8,17.51,0,0,0,0,2023-04-02
CBR-000602,CUST-000602,670,N,8,54.01,0,0,0,0,2023-01-17
CBR-000603,CUST-000603,661,N,11,45.29,0,0,0,0,2022-05-02
CBR-000604,CUST-000604,708,Y,8,70.10,0,0,0,0,2022-11-08
CBR-000605,CUST-000605,703,N,6,6.61,0,0,0,0,2022-06-30
CBR-000606,CUST-000606,670,N,11,21.09,0,0,0,0,2023-04-08
CBR-000607,CUST-000607,731,N,10,37.99,0,0,0,0,2022-06-26
CBR-000608,CUST-000608,622,Y,5,21.55,0,0,0,0,2022-07-17
CBR-000609,CUST-000609,719,N,10,52.30,0,0,0,0,2022-06-16
CBR-000610,CUST-000610,594,Y,5,34.61,0,1,0,0,2022-12-04
CBR-000611,CUST-000611,705,Y,8,30.84,0,0,0,0,2022-07-07
CBR-000612,CUST-000612,647,N,5,90.29,0,1,0,0,2023-05-03
CBR-000613,CUST-000613,578,N,12,21.82,0,1,0,0,2022-12-20
CBR-000614,CUST-000614,687,Y,8,30.78,0,0,0,0,2022-10-04
CBR-000615,CUST-000615,667,N,6,17.92,0,0,0,0,2022-07-21
CBR-000616,CUST-000616,562,Y,5,19.99,0,0,0,0,2023-03-18
CBR-000617,CUST-000617,522,N,9,35.46,0,1,1,0,2022-09-01
CBR-000618,CUST-000618,659,N,6,22.35,0,0,0,0,2022-04-22
CBR-000619,CUST-000619,783,N,9,26.48,0,0,0,0,2023-02-26
CBR-000620,CUST-000620,692,N,7,23.91,0,0,0,0,2022-12-10
CBR-000621,CUST-000621,623,N,3,25.85,0,0,0,0,2023-01-06
CBR-000622,CUST-000622,745,N,8,35.22,0,0,0,0,2022-06-18
CBR-000623,CUST-000623,733,N,8,41.40,0,0,0,0,2022-11-23
CBR-000624,CUST-000624,759,N,10,63.87,0,0,0,0,2022-10-20
CBR-000625,CUST-000625,717,N,6,8.28,0,0,0,0,2022-11-17
CBR-000626,CUST-000626,732,N,7,24.27,0,0,0,0,2023-01-07
CBR-000627,CUST-000627,721,N,6,53.69,0,0,0,0,2022-06-29
CBR-000628,CUST-000628,636,N,5,39.79,2,0,0,0,2022-08-04
CBR-000629,CUST-000629,555,Y,9,14.56,1,1,0,0,2023-02-22
CBR-000630,CUST-000630,633,N,6,13.94,0,0,0,0,2022-09-29
CBR-000631,CUST-000631,747,Y,8,51.51,0,0,0,0,2022-06-02
CBR-000632,CUST-000632,643,N,6,26.64,1,2,0,0,2022-03-06
CBR-000633,CUST-000633,659,Y,14,24.12,0,0,0,0,2022-10-24
CBR-000634,CUST-000634,588,Y,8,33.22,0,0,0,0,2022-06-05
CBR-000635,CUST-000635,631,Y,8,69.67,0,0,0,0,2023-03-05
CBR-000636,CUST-000636,669,N,8,58.64,0,0,0,0,2022-06-03
CBR-000637,CUST-000637,704,N,8,36.28,0,0,0,0,2022-04-17
CBR-000638,CUST-000638,637,N,7,28.09,0,0,0,0,2023-02-07
CBR-000639,CUST-000639,633,N,6,38.80,0,0,0,0,2022-10-06
CBR-000640,CUST-000640,728,N,15,78.68,0,0,0,0,2022-06-26
CBR-000641,CUST-000641,692,N,10,15.34,0,0,0,0,2022-12-25
CBR-000642,CUST-000642,701,N,9,39.70,0,0,0,0,2022-07-10
CBR-000643,CUST-000643,776,N,10,58.04,0,0,0,0,2022-10-05
CBR-000644,CUST-000644,634,N,8,24.72,2,0,0,0,2022-09-01
CBR-000645,CUST-000645,666,N,6,33.95,0,0,0,0,2022-07-20
CBR-000646,CUST-000646,708,N,12,64.28,0,0,0,0,2022-08-31
CBR-000647,CUST-000647,608,Y,9,73.62,0,0,0,0,2023-03-28
CBR-000648,CUST-000648,686,N,5,58.01,0,0,0,0,2022-08-03
CBR-000649,CUST-000649,671,N,6,73.36,0,0,0,0,2023-02-28
CBR-000650,CUST-000650,850,N,13,68.56,0,0,0,0,2023-02-09
CBR-000651,CUST-000651,676,N,11,70.78,0,0,0,0,2023-06-15
CBR-000652,CUST-000652,750,N,12,44.59,0,0,0,0,2023-01-20
CBR-000653,CUST-000653,728,N,15,28.36,0,0,0,0,2022-05-23
CBR-000654,CUST-000654,589,Y,6,15.74,0,0,0,0,2022-06-30
CBR-000655,CUST-000655,561,Y,7,37.79,0,0,0,0,2022-12-27
CBR-000656,CUST-000656,687,N,7,54.11,0,0,0,0,2023-04-30
CBR-000657,CUST-000657,758,N,7,27.10,0,0,0,0,2022-12-29
CBR-000658,CUST-000658,690,N,13,41.57,0,0,0,0,2022-10-17
CBR-000659,CUST-000659,675,N,7,45.22,0,0,0,0,2022-12-16
CBR-000660,CUST-000660,650,N,7,50.35,0,0,0,0,2022-12-27
CBR-000661,CUST-000661,577,N,7,15.88,1,0,0,0,2022-11-29
CBR-000662,CUST-000662,602,N,6,33.10,0,2,0,0,2023-01-31
CBR-000663,CUST-000663,556,N,6,74.11,1,3,1,0,2023-03-02
CBR-000664,CUST-000664,592,N,7,70.43,0,0,0,0,2023-02-26
CBR-000665,CUST-000665,633,N,5,51.31,0,0,0,0,2022-10-19
CBR-000666,CUST-000666,724,N,12,29.65,0,0,0,0,2022-09-11
CBR-000667,CUST-000667,638,N,9,49.02,0,1,0,0,2023-01-07
CBR-000668,CUST-000668,687,N,10,38.66,0,0,0,0,2023-03-08
CBR-000669,CUST-000669,679,N,7,46.88,0,0,0,0,2022-08-14
CBR-000670,CUST-000670,704,N,7,24.28,0,0,0,0,2023-01-20
CBR-000671,CUST-000671,597,Y,8,24.60,0,1,0,0,2023-01-29
CBR-000672,CUST-000672,744,N,10,30.56,0,0,0,0,2022-11-03
CBR-000673,CUST-000673,571,Y,2,6.54,0,1,0,0,2022-12-03
CBR-000674,CUST-000674,638,N,9,71.37,0,1,1,0,2022-05-24
CBR-000675,CUST-000675,668,N,5,13.29,0,0,0,0,2023-02-24
CBR-000676,CUST-000676,723,N,6,45.78,0,0,0,0,2023-04-27
CBR-000677,CUST-000677,766,N,9,69.28,0,0,0,0,2022-06-28
CBR-000678,CUST-000678,723,N,11,66.71,0,0,0,0,2022-10-17
CBR-000679,CUST-000679,769,Y,14,15.04,0,0,0,0,2023-03-30
CBR-000680,CUST-000680,611,N,8,30.64,0,1,0,0,2022-06-30
CBR-000681,CUST-000681,753,N,10,60.07,0,1,0,0,2023-04-19
CBR-000682,CUST-000682,741,N,4,43.55,0,1,0,0,2023-03-10
CBR-000683,CUST-000683,520,N,7,35.69,0,1,1,0,2023-03-11
CBR-000684,CUST-000684,654,N,11,61.88,0,0,0,0,2022-09-02
CBR-000685,CUST-000685,712,N,6,50.65,0,0,0,0,2022-12-22
CBR-000686,CUST-000686,633,N,8,36.31,0,0,0,0,2022-11-29
CBR-000687,CUST-000687,593,Y,5,42.25,0,0,0,0,2022-12-06
CBR-000688,CUST-000688,817,N,8,90.18,0,0,0,0,2022-12-31
CBR-000689,CUST-000689,677,N,4,32.26,0,0,0,0,2022-11-21
CBR-000690,CUST-000690,679,N,8,72.71,0,0,0,0,2022-10-12
CBR-000691,CUST-000691,578,Y,5,43.29,0,3,0,0,2022-08-31
CBR-000692,CUST-000692,627,N,11,41.55,0,2,0,0,2023-04-10
CBR-000693,CUST-000693,607,Y,5,22.36,0,0,0,0,2023-04-04
CBR-000694,CUST-000694,745,N,9,47.26,0,0,0,0,2022-09-28
CBR-000695,CUST-000695,705,N,8,40.23,0,0,0,0,2022-03-21
CBR-000696,CUST-000696,630,N,7,39.15,1,0,0,0,2022-08-01
CBR-000697,CUST-000697,709,N,8,44.27,0,0,0,0,2023-03-01
CBR-000698,CUST-000698,652,Y,9,31.85,0,0,0,0,2023-02-21
CBR-000699,CUST-000699,686,Y,9,19.18,0,1,0,0,2022-10-09
CBR-000700,CUST-000700,686,N,13,41.09,0,0,0,0,2022-03-15
CBR-000701,CUST-000701,699,N,8,81.60,0,0,0,0,2022-12-14
CBR-000702,CUST-000702,690,N,7,35.47,0,0,0,0,2022-03-24
CBR-000703,CUST-000703,699,N,7,68.92,0,0,0,0,2022-07-10
CBR-000704,CUST-000704,757,N,13,84.12,0,0,0,0,2022-10-28
CBR-000705,CUST-000705,714,Y,7,52.39,0,0,0,0,2022-11-24
CBR-000706,CUST-000706,646,N,12,11.08,0,0,0,0,2022-07-09
CBR-000707,CUST-000707,663,N,16,43.96,0,0,0,0,2022-09-11
CBR-000708,CUST-000708,756,N,10,33.32,0,0,0,0,2023-04-10
CBR-000709,CUST-000709,677,N,6,39.36,0,0,0,0,2022-12-31
CBR-000710,CUST-000710,643,N,6,51.43,0,0,0,0,2022-11-17
CBR-000711,CUST-000711,625,N,8,65.67,0,3,0,0,2022-03-13
CBR-000712,CUST-000712,689,N,13,26.94,0,0,0,0,2023-02-25
CBR-000713,CUST-000713,610,N,14,23.73,0,0,0,0,2022-03-25
CBR-000714,CUST-000714,759,N,8,6.74,0,0,0,0,2022-06-20
CBR-000715,CUST-000715,597,Y,8,36.04,0,0,0,0,2022-10-22
CBR-000716,CUST-000716,773,N,7,27.38,0,0,0,0,2022-10-05
CBR-000717,CUST-000717,650,Y,7,9.24,0,0,0,0,2022-08-13
CBR-000718,CUST-000718,594,Y,5,42.11,0,1,0,0,2022-04-14
CBR-000719,CUST-000719,683,N,6,24.75,0,0,0,0,2022-08-15
CBR-000720,CUST-000720,603,Y,7,33.56,0,0,0,0,2022-10-04
CBR-000721,CUST-000721,672,N,7,31.04,0,0,0,0,2023-02-12
CBR-000722,CUST-000722,629,N,5,11.25,0,2,0,0,2022-06-06
CBR-000723,CUST-000723,736,N,9,25.27,0,0,0,0,2023-05-07
CBR-000724,CUST-000724,679,N,8,57.82,0,0,0,0,2022-12-16
CBR-000725,CUST-000725,586,Y,4,25.66,0,0,0,0,2022-12-29
CBR-000726,CUST-000726,628,N,12,23.21,0,0,0,0,2022-10-03
CBR-000727,CUST-000727,719,Y,11,8.55,0,0,0,0,2022-07-28
CBR-000728,CUST-000728,760,N,9,4.62,0,0,0,0,2022-10-17
CBR-000729,CUST-000729,666,N,12,6.01,0,0,0,0,2022-04-21
CBR-000730,CUST-000730,596,Y,10,20.84,0,1,2,0,2023-03-20
CBR-000731,CUST-000731,743,N,11,37.95,0,0,0,0,2022-05-23
CBR-000732,CUST-000732,719,N,7,19.11,0,0,0,0,2022-12-29
CBR-000733,CUST-000733,761,N,13,9.63,0,0,0,0,2022-08-21
CBR-000734,CUST-000734,690,N,5,33.98,0,0,0,0,2022-06-20
CBR-000735,CUST-000735,633,N,8,51.74,0,0,0,0,2023-03-17
CBR-000736,CUST-000736,706,N,11,33.96,0,0,0,0,2022-08-19
CBR-000737,CUST-000737,692,N,6,64.87,0,0,0,0,2023-03-18
CBR-000738,CUST-000738,629,N,8,21.50,2,0,0,0,2022-05-17
CBR-000739,CUST-000739,683,N,5,41.20,0,0,0,0,2022-09-27
CBR-000740,CUST-000740,656,N,4,40.42,0,0,0,0,2022-05-21
CBR-000741,CUST-000741,722,N,9,55.95,0,0,0,0,2022-07-31
CBR-000742,CUST-000742,704,N,6,80.09,0,0,0,0,2023-02-08
CBR-000743,CUST-000743,596,Y,10,46.49,0,0,0,0,2022-05-21
CBR-000744,CUST-000744,589,Y,7,37.35,0,1,0,0,2022-10-23
CBR-000745,CUST-000745,663,N,11,48.87,0,0,0,0,2022-04-16
CBR-000746,CUST-000746,672,N,8,74.77,0,0,0,0,2022-06-03
CBR-000747,CUST-000747,723,N,8,27.03,0,0,0,0,2022-05-27
CBR-000748,CUST-000748,705,N,6,32.15,0,0,0,0,2022-09-30
CBR-000749,CUST-000749,772,N,13,5.45,0,0,0,0,2023-02-17
CBR-000750,CUST-000750,637,N,6,63.36,0,0,0,0,2022-08-23
CBR-000751,CUST-000751,633,N,4,76.09,1,0,0,0,2022-04-01
CBR-000752,CUST-000752,602,N,8,35.61,0,0,0,0,2022-05-10
CBR-000753,CUST-000753,722,N,9,53.48,0,0,0,0,2022-08-27
CBR-000754,CUST-000754,671,N,11,50.71,0,0,0,0,2022-07-27
CBR-000755,CUST-000755,540,Y,8,34.06,0,0,0,0,2022-12-25
CBR-000756,CUST-000756,684,N,6,72.92,0,0,0,0,2023-02-21
CBR-000757,CUST-000757,688,N,10,40.03,0,0,0,0,2022-10-07
CBR-000758,CUST-000758,659,N,2,57.83,0,0,0,0,2023-05-03
CBR-000759,CUST-000759,690,N,7,38.69,0,0,0,0,2023-05-11
CBR-000760,CUST-000760,584,Y,8,51.55,0,0,0,0,2022-11-18
CBR-000761,CUST-000761,784,N,10,81.78,0,0,0,0,2023-02-03
CBR-000762,CUST-000762,696,Y,6,22.15,0,0,0,0,2023-03-29
CBR-000763,CUST-000763,545,N,17,49.55,0,1,1,0,2022-11-02
CBR-000764,CUST-000764,669,N,10,34.15,0,0,0,0,2023-02-03
CBR-000765,CUST-000765,698,N,8,61.89,0,0,0,0,2022-09-27
CBR-000766,CUST-000766,592,N,10,38.87,0,0,0,0,2022-12-31
CBR-000767,CUST-000767,707,N,7,21.48,0,1,0,0,2022-08-05
CBR-000768,CUST-000768,787,N,12,28.77,0,0,0,0,2022-05-25
CBR-000769,CUST-000769,624,N,11,32.96,0,0,0,0,2022-07-17
CBR-000770,CUST-000770,699,Y,7,57.26,0,0,0,0,2023-01-13
CBR-000771,CUST-000771,684,N,7,40.97,0,0,0,0,2022-10-12
CBR-000772,CUST-000772,737,N,6,24.33,0,0,0,0,2022-11-10
CBR-000773,CUST-000773,662,N,9,18.07,0,0,0,0,2022-08-24
CBR-000774,CUST-000774,595,N,5,17.02,0,0,0,0,2022-11-13
CBR-000775,CUST-000775,733,N,4,38.28,0,0,0,0,2022-08-01
CBR-000776,CUST-000776,599,Y,7,50.89,0,1,0,0,2023-02-09
CBR-000777,CUST-000777,796,N,13,5.77,0,0,0,0,2022-05-31
CBR-000778,CUST-000778,709,N,10,61.06,0,0,0,0,2022-05-27
CBR-000779,CUST-000779,628,N,12,48.45,0,0,0,0,2022-07-29
CBR-000780,CUST-000780,747,N,7,29.26,0,0,0,0,2022-07-08
CBR-000781,CUST-000781,669,N,6,11.48,0,0,0,0,2023-05-08
CBR-000782,CUST-000782,654,N,9,62.76,0,0,0,0,2023-01-31
CBR-000783,CUST-000783,622,N,4,35.12,0,0,0,0,2023-04-01
CBR-000784,CUST-000784,538,N,4,46.51,0,0,0,0,2022-06-21
CBR-000785,CUST-000785,712,N,7,63.47,0,0,0,0,2022-12-27
CBR-000786,CUST-000786,556,Y,6,23.05,0,0,0,0,2022-12-24
CBR-000787,CUST-000787,614,N,11,10.52,0,0,0,0,2022-11-16
CBR-000788,CUST-000788,700,N,7,44.44,0,0,0,0,2022-07-31
CBR-000789,CUST-000789,634,N,8,27.44,0,0,0,0,2023-03-10
CBR-000790,CUST-000790,681,N,15,6.77,0,0,0,0,2022-07-22
CBR-000791,CUST-000791,585,Y,9,2.18,1,0,0,0,2022-07-20
CBR-000792,CUST-000792,645,N,4,56.42,0,0,0,0,2022-08-17
CBR-000793,CUST-000793,681,N,10,2.22,0,0,0,0,2022-04-18
CBR-000794,CUST-000794,603,N,7,36.14,0,0,0,0,2023-04-03
CBR-000795,CUST-000795,788,N,10,36.35,0,0,0,0,2022-11-16
CBR-000796,CUST-000796,625,N,7,60.35,0,0,0,0,2022-09-01
CBR-000797,CUST-000797,766,N,9,9.99,0,0,0,0,2022-03-12
CBR-000798,CUST-000798,658,N,11,45.34,0,0,0,0,2022-09-30
CBR-000799,CUST-000799,560,Y,11,60.54,0,0,0,0,2022-09-06
CBR-000800,CUST-000800,590,N,11,76.37,0,0,0,0,2022-08-13
CBR-000801,CUST-000801,682,N,8,31.27,0,0,0,0,2022-06-07
CBR-000802,CUST-000802,742,N,8,31.36,0,0,0,0,2022-08-16
CBR-000803,CUST-000803,793,N,9,18.88,0,0,0,0,2022-10-13
CBR-000804,CUST-000804,678,N,3,47.44,0,0,0,0,2022-09-03
CBR-000805,CUST-000805,587,N,4,37.85,0,0,0,0,2022-12-19
CBR-000806,CUST-000806,689,N,9,29.05,0,0,0,0,2022-06-19
CBR-000807,CUST-000807,612,Y,5,77.74,0,3,0,0,2022-09-23
CBR-000808,CUST-000808,697,Y,14,55.84,0,0,0,0,2023-04-29
CBR-000809,CUST-000809,604,Y,11,27.72,0,0,0,0,2022-08-31
CBR-000810,CUST-000810,523,Y,7,20.01,1,0,0,0,2022-07-02
CBR-000811,CUST-000811,762,N,10,21.74,0,0,0,0,2022-10-29
CBR-000812,CUST-000812,654,N,6,62.71,0,0,0,0,2023-02-12
CBR-000813,CUST-000813,673,N,8,21.10,0,0,0,0,2022-12-05
CBR-000814,CUST-000814,739,N,10,58.23,0,0,0,0,2022-09-11
CBR-000815,CUST-000815,801,N,7,63.88,0,0,0,0,2023-02-13
CBR-000816,CUST-000816,720,N,7,71.65,0,0,0,0,2023-01-27
CBR-000817,CUST-000817,677,N,10,37.90,0,0,0,0,2022-06-16
CBR-000818,CUST-000818,702,Y,5,36.93,0,0,0,0,2023-03-24
CBR-000819,CUST-000819,649,N,9,13.66,1,0,0,0,2022-12-03
CBR-000820,CUST-000820,672,N,5,52.89,0,0,0,0,2023-04-12
CBR-000821,CUST-000821,680,N,12,69.41,0,0,0,0,2022-06-03
CBR-000822,CUST-000822,614,Y,5,22.59,0,2,0,0,2022-07-22
CBR-000823,CUST-000823,671,N,8,62.38,0,0,0,0,2022-05-21
CBR-000824,CUST-000824,695,Y,9,57.91,0,0,0,0,2022-09-13
CBR-000825,CUST-000825,706,N,14,13.53,0,0,0,0,2022-09-09
CBR-000826,CUST-000826,700,N,8,16.38,0,0,0,0,2022-09-16
CBR-000827,CUST-000827,576,N,9,44.60,0,0,0,0,2022-05-26
CBR-000828,CUST-000828,756,N,11,23.75,0,0,0,0,2022-07-27
CBR-000829,CUST-000829,750,N,11,43.08,0,0,0,0,2022-06-06
CBR-000830,CUST-000830,663,N,6,48.81,0,0,0,0,2022-07-03
CBR-000831,CUST-000831,701,N,11,65.40,0,0,0,0,2023-03-02
CBR-000832,CUST-000832,654,Y,10,78.58,0,0,0,0,2023-01-17
CBR-000833,CUST-000833,722,N,10,20.65,0,0,0,0,2022-09-13
CBR-000834,CUST-000834,613,Y,6,5.02,0,2,0,0,2023-03-20
CBR-000835,CUST-000835,763,N,6,25.91,0,0,0,0,2022-09-18
CBR-000836,CUST-000836,719,N,5,68.21,0,1,0,0,2023-03-31
CBR-000837,CUST-000837,720,N,8,18.61,0,1,2,0,2022-10-30
CBR-000838,CUST-000838,662,N,6,28.50,0,0,0,0,2022-09-03
CBR-000839,CUST-000839,571,N,10,32.61,0,0,0,0,2023-04-24
CBR-000840,CUST-000840,731,N,7,2.59,0,0,0,0,2022-08-29
CBR-000841,CUST-000841,573,N,9,35.30,0,2,0,0,2022-06-21
CBR-000842,CUST-000842,732,N,8,11.07,0,1,1,0,2022-10-02
CBR-000843,CUST-000843,615,Y,7,25.29,0,0,0,0,2022-02-19
CBR-000844,CUST-000844,558,N,5,31.98,0,0,0,0,2022-09-11
CBR-000845,CUST-000845,670,N,5,26.15,0,0,0,0,2022-08-17
CBR-000846,CUST-000846,752,N,6,10.65,0,0,0,0,2023-04-13
CBR-000847,CUST-000847,602,Y,6,58.38,0,0,0,0,2022-11-15
CBR-000848,CUST-000848,781,N,9,32.73,0,0,0,0,2023-02-05
CBR-000849,CUST-000849,715,N,4,72.16,0,0,0,0,2022-05-25
CBR-000850,CUST-000850,680,N,6,49.09,0,0,0,0,2023-03-30
CBR-000851,CUST-000851,639,N,5,25.60,0,1,0,0,2023-02-27
CBR-000852,CUST-000852,644,N,10,52.46,1,0,0,0,2022-10-01
CBR-000853,CUST-000853,700,Y,6,21.90,0,0,0,0,2022-08-25
CBR-000854,CUST-000854,729,N,8,81.33,0,0,0,0,2022-09-16
CBR-000855,CUST-000855,628,N,9,38.58,0,2,0,0,2022-12-07
CBR-000856,CUST-000856,613,N,13,8.18,0,0,0,0,2022-10-23
CBR-000857,CUST-000857,655,N,5,45.75,0,0,0,0,2023-03-24
CBR-000858,CUST-000858,767,N,10,72.18,0,0,0,0,2023-03-22
CBR-000859,CUST-000859,584,N,5,15.80,0,0,0,0,2023-05-18
CBR-000860,CUST-000860,749,N,8,34.91,0,0,0,0,2022-12-16
CBR-000861,CUST-000861,672,N,8,28.04,0,0,0,0,2022-03-24
CBR-000862,CUST-000862,554,N,5,59.23,1,0,0,0,2022-04-25
CBR-000863,CUST-000863,637,N,9,72.21,0,0,0,0,2022-07-25
CBR-000864,CUST-000864,712,N,6,29.22,0,0,0,0,2022-11-28
CBR-000865,CUST-000865,796,N,11,23.70,0,0,0,0,2022-12-02
CBR-000866,CUST-000866,577,N,9,34.36,0,0,0,0,2022-10-13
CBR-000867,CUST-000867,520,Y,6,37.87,2,0,0,0,2023-04-11
CBR-000868,CUST-000868,578,N,12,27.20,0,0,0,0,2022-09-13
CBR-000869,CUST-000869,749,N,8,48.94,0,0,0,0,2023-02-04
CBR-000870,CUST-000870,544,N,10,23.56,0,0,0,0,2022-05-21
CBR-000871,CUST-000871,774,N,6,24.50,0,0,0,0,2023-05-09
CBR-000872,CUST-000872,755,N,9,28.89,0,0,0,0,2022-09-01
CBR-000873,CUST-000873,683,N,7,6.21,0,0,0,0,2022-10-22
CBR-000874,CUST-000874,626,N,6,63.51,0,0,0,0,2022-08-16
CBR-000875,CUST-000875,673,N,8,36.92,0,0,0,0,2022-05-01
CBR-000876,CUST-000876,712,N,7,67.94,0,0,0,0,2023-01-25
CBR-000877,CUST-000877,702,N,5,9.79,0,0,0,0,2022-06-02
CBR-000878,CUST-000878,791,N,9,40.15,0,0,0,0,2022-09-29
CBR-000879,CUST-000879,651,N,9,6.85,0,0,0,0,2022-12-07
CBR-000880,CUST-000880,578,N,9,40.80,0,1,0,0,2023-04-20
CBR-000881,CUST-000881,566,Y,11,14.24,0,0,0,0,2022-11-14
CBR-000882,CUST-000882,552,Y,6,15.01,0,3,0,0,2023-02-28
CBR-000883,CUST-000883,683,N,7,40.86,0,0,0,0,2022-11-04
CBR-000884,CUST-000884,653,N,9,34.22,0,0,0,0,2022-10-01
CBR-000885,CUST-000885,672,N,12,15.85,0,0,0,0,2022-08-18
CBR-000886,CUST-000886,632,N,11,24.71,0,0,0,0,2023-02-06
CBR-000887,CUST-000887,592,Y,9,38.87,0,0,0,0,2023-03-17
CBR-000888,CUST-000888,713,N,10,24.08,0,0,0,0,2022-07-14
CBR-000889,CUST-000889,520,N,10,24.34,0,0,0,0,2022-10-24
CBR-000890,CUST-000890,613,Y,17,54.73,0,0,0,0,2022-11-03
CBR-000891,CUST-000891,725,N,7,78.26,0,0,0,0,2023-03-07
CBR-000892,CUST-000892,606,Y,3,43.67,0,3,0,0,2022-10-22
CBR-000893,CUST-000893,697,N,7,52.48,0,0,0,0,2022-05-24
CBR-000894,CUST-000894,613,N,8,43.67,2,0,0,0,2022-08-20
CBR-000895,CUST-000895,638,N,5,21.98,0,2,0,0,2023-02-26
CBR-000896,CUST-000896,710,N,8,28.18,0,0,0,0,2022-06-23
CBR-000897,CUST-000897,580,N,9,23.68,0,0,0,0,2022-12-26
CBR-000898,CUST-000898,722,N,5,49.21,0,0,0,0,2023-04-05
CBR-000899,CUST-000899,673,N,4,37.89,0,0,0,0,2022-09-10
CBR-000900,CUST-000900,757,N,10,44.16,0,0,0,0,2022-11-04
CBR-000901,CUST-000901,684,N,9,62.62,0,0,0,0,2023-03-18
CBR-000902,CUST-000902,595,N,2,21.48,0,1,1,0,2022-08-26
CBR-000903,CUST-000903,790,N,6,50.79,0,0,0,0,2022-10-10
CBR-000904,CUST-000904,600,Y,7,31.30,0,0,0,0,2022-10-30
CBR-000905,CUST-000905,654,Y,9,78.48,0,0,0,0,2022-10-06
CBR-000906,CUST-000906,737,N,8,29.86,0,0,0,0,2023-01-22
CBR-000907,CUST-000907,538,N,4,51.30,0,3,0,0,2023-04-02
CBR-000908,CUST-000908,770,N,8,42.39,0,0,0,0,2022-12-30
CBR-000909,CUST-000909,589,N,12,74.52,0,1,1,0,2023-03-01
CBR-000910,CUST-000910,638,N,9,55.69,0,0,0,0,2022-11-29
CBR-000911,CUST-000911,690,N,9,41.95,0,0,0,0,2022-09-26
CBR-000912,CUST-000912,667,N,6,32.10,0,0,0,0,2023-03-06
CBR-000913,CUST-000913,725,N,10,40.27,0,0,0,0,2022-12-14
CBR-000914,CUST-000914,557,Y,8,36.07,0,0,0,0,2023-01-08
CBR-000915,CUST-000915,720,N,8,21.47,0,0,0,0,2022-12-29
CBR-000916,CUST-000916,726,N,8,12.90,0,0,0,0,2023-04-16
CBR-000917,CUST-000917,742,N,2,53.86,0,0,0,0,2022-04-02
CBR-000918,CUST-000918,558,N,6,45.78,0,1,0,0,2023-02-24
CBR-000919,CUST-000919,567,N,11,27.20,0,0,0,0,2022-09-10
CBR-000920,CUST-000920,646,N,8,39.73,0,0,0,0,2023-02-01
CBR-000921,CUST-000921,574,N,9,32.26,0,0,0,0,2022-07-04
CBR-000922,CUST-000922,543,N,4,75.66,0,1,0,0,2022-05-26
CBR-000923,CUST-000923,643,N,13,34.50,0,0,0,0,2022-09-18
CBR-000924,CUST-000924,686,N,6,15.52,0,0,0,0,2022-10-22
CBR-000925,CUST-000925,850,N,10,60.33,0,0,0,0,2023-03-02
CBR-000926,CUST-000926,708,N,7,55.73,0,1,0,0,2022-08-06
CBR-000927,CUST-000927,792,N,5,48.29,0,0,0,0,2022-04-23
CBR-000928,CUST-000928,666,Y,6,66.20,0,0,0,0,2022-07-06
CBR-000929,CUST-000929,709,N,8,37.64,0,0,0,0,2022-05-23
CBR-000930,CUST-000930,659,N,5,19.92,0,0,0,0,2022-05-17
CBR-000931,CUST-000931,850,N,8,40.57,0,0,0,0,2022-07-04
CBR-000932,CUST-000932,622,Y,10,50.28,3,2,0,0,2022-03-29
CBR-000933,CUST-000933,631,N,4,31.85,2,0,0,0,2023-05-18
CBR-000934,CUST-000934,725,N,8,28.31,0,0,0,0,2022-05-26
CBR-000935,CUST-000935,684,N,8,76.61,0,0,0,0,2022-07-22
CBR-000936,CUST-000936,640,N,6,49.25,0,0,0,0,2022-11-11
CBR-000937,CUST-000937,737,N,7,52.68,0,0,0,0,2023-01-21
CBR-000938,CUST-000938,667,N,12,23.80,0,0,0,0,2022-07-12
CBR-000939,CUST-000939,666,N,10,58.98,0,0,0,0,2023-01-11
CBR-000940,CUST-000940,686,N,5,16.60,0,0,0,0,2022-07-11
CBR-000941,CUST-000941,548,Y,16,44.48,1,0,0,0,2022-06-25
CBR-000942,CUST-000942,558,Y,10,33.42,0,0,0,0,2023-04-08
CBR-000943,CUST-000943,746,N,8,32.46,0,0,0,0,2023-02-24
CBR-000944,CUST-000944,622,N,5,44.59,0,0,0,0,2022-09-23
CBR-000945,CUST-000945,660,N,8,31.16,0,1,0,0,2022-10-19
CBR-000946,CUST-000946,782,N,10,24.82,0,0,0,0,2022-07-01
CBR-000947,CUST-000947,663,N,10,51.93,0,0,0,0,2022-07-18
CBR-000948,CUST-000948,655,N,9,10.53,0,0,0,0,2022-05-05
CBR-000949,CUST-000949,732,N,8,3.22,0,0,0,0,2023-01-24
CBR-000950,CUST-000950,628,N,5,37.12,0,1,0,0,2023-03-07
CBR-000951,CUST-000951,754,N,9,38.79,0,0,0,0,2022-04-30
CBR-000952,CUST-000952,731,N,12,50.99,0,0,0,0,2022-07-17
CBR-000953,CUST-000953,798,N,7,20.02,0,0,0,0,2023-03-20
CBR-000954,CUST-000954,621,N,8,45.46,2,0,0,0,2023-05-14
CBR-000955,CUST-000955,765,N,8,13.08,0,0,0,0,2023-01-12
CBR-000956,CUST-000956,708,N,5,25.90,0,1,0,0,2022-10-29
CBR-000957,CUST-000957,577,Y,8,23.49,2,1,0,0,2023-03-05
CBR-000958,CUST-000958,520,N,11,37.27,0,0,0,0,2022-12-20
CBR-000959,CUST-000959,614,N,9,70.98,0,1,0,0,2022-03-03
CBR-000960,CUST-000960,690,N,9,52.69,0,0,0,0,2023-01-19
CBR-000961,CUST-000961,700,N,6,26.88,0,0,0,0,2022-12-12
CBR-000962,CUST-000962,665,N,6,71.68,0,0,0,0,2022-11-06
CBR-000963,CUST-000963,666,N,12,47.77,0,0,0,0,2022-12-01
CBR-000964,CUST-000964,661,N,9,46.42,0,0,0,0,2022-12-30
CBR-000965,CUST-000965,742,N,9,41.57,0,0,0,0,2022-10-22
CBR-000966,CUST-000966,569,N,15,52.45,0,0,0,0,2022-05-20
CBR-000967,CUST-000967,688,N,11,38.08,0,0,0,0,2022-11-05
CBR-000968,CUST-000968,612,Y,8,25.93,0,2,0,0,2023-05-11
CBR-000969,CUST-000969,606,N,4,48.93,0,3,0,0,2022-10-29
CBR-000970,CUST-000970,752,N,10,24.59,0,0,0,0,2023-04-09
CBR-000971,CUST-000971,601,Y,7,49.68,0,0,0,0,2022-06-12
CBR-000972,CUST-000972,660,N,8,63.85,0,0,0,0,2022-08-18
CBR-000973,CUST-000973,807,N,15,11.78,0,0,0,0,2022-12-27
CBR-000974,CUST-000974,728,N,9,45.31,0,0,0,0,2022-06-28
CBR-000975,CUST-000975,638,N,8,33.45,0,0,0,0,2022-12-03
CBR-000976,CUST-000976,643,N,7,70.94,0,0,0,0,2023-04-11
CBR-000977,CUST-000977,584,Y,8,52.17,0,0,0,0,2022-12-23
CBR-000978,CUST-000978,761,N,6,10.41,0,0,0,0,2022-05-08
CBR-000979,CUST-000979,740,N,9,32.21,0,0,0,0,2023-01-07
CBR-000980,CUST-000980,718,N,3,66.59,0,0,0,0,2022-07-08
CBR-000981,CUST-000981,725,N,10,26.14,0,0,0,0,2022-12-09
CBR-000982,CUST-000982,615,Y,10,88.38,0,0,0,0,2022-09-08
CBR-000983,CUST-000983,561,Y,10,74.78,0,0,0,0,2022-11-25
CBR-000984,CUST-000984,709,Y,9,58.86,0,0,0,0,2022-12-16
CBR-000985,CUST-000985,732,N,5,29.09,0,0,0,0,2022-04-24
CBR-000986,CUST-000986,782,N,8,55.73,0,0,0,0,2023-02-02
CBR-000987,CUST-000987,655,N,6,45.13,0,0,0,0,2022-11-21
CBR-000988,CUST-000988,645,N,6,50.69,0,0,0,0,2022-03-07
CBR-000989,CUST-000989,653,N,1,27.36,0,0,0,0,2022-04-03
CBR-000990,CUST-000990,716,N,6,39.39,0,0,0,0,2023-01-30
CBR-000991,CUST-000991,650,N,10,77.22,0,0,0,0,2022-10-26
CBR-000992,CUST-000992,666,N,4,47.68,0,0,0,0,2022-06-22
CBR-000993,CUST-000993,728,N,10,24.86,0,0,0,0,2022-10-21
CBR-000994,CUST-000994,626,N,4,48.43,0,0,0,0,2023-04-28
CBR-000995,CUST-000995,767,N,4,80.80,0,0,0,0,2022-09-18
CBR-000996,CUST-000996,714,N,3,45.25,0,0,0,0,2022-11-28
CBR-000997,CUST-000997,539,Y,7,25.72,0,1,0,0,2023-03-19
CBR-000998,CUST-000998,633,N,2,23.64,0,2,1,0,2022-08-26
CBR-000999,CUST-000999,528,N,10,25.38,0,2,0,0,2022-03-12
CBR-001000,CUST-001000,656,N,7,41.97,0,0,0,0,2022-11-26